[
    {
        "id": 1,
        "nom": "38",
        "image": "dents/38P.PNG"
    },
    {
        "id": 2,
        "nom": "37",
        "image": "dents/37P.PNG"
    },
    {
        "id": 3,
        "nom": "36",
        "image": "dents/36P.PNG"
    },
    {
        "id": 4,
        "nom": "35",
        "image": "dents/35P.PNG"
    },
    {
        "id": 5,
        "nom": "34",
        "image": "dents/34P.PNG"
    },
    {
        "id": 6,
        "nom": "33",
        "image": "dents/33P.PNG"
    },
    {
        "id": 7,
        "nom": "32",
        "image": "dents/32P.PNG"
    },
    {
        "id": 8,
        "nom": "31",
        "image": "dents/31P.PNG"
    },
    {
        "id": 9,
        "nom": "41",
        "image": "dents/41P.PNG"
    },
    {
        "id": 10,
        "nom": "42",
        "image": "dents/42P.PNG"
    },
    {
        "id": 11,
        "nom": "43",
        "image": "dents/43P.PNG"
    },
    {
        "id": 12,
        "nom": "44",
        "image": "dents/44P.PNG"
    },
    {
        "id": 13,
        "nom": "45",
        "image": "dents/45P.PNG"
    },
    {
        "id": 14,
        "nom": "46",
        "image": "dents/46P.PNG"
    },
    {
        "id": 15,
        "nom": "47",
        "image": "dents/47P.PNG"
    },
    {
        "id": 16,
        "nom": "48",
        "image": "dents/48P.PNG"
    }
]