[
    {
        "id": 1,
        "nom": "48",
        "image": "dents/48V.PNG"
    },
    {
        "id": 2,
        "nom": "47",
        "image": "dents/47V.PNG"
    },
    {
        "id": 3,
        "nom": "46",
        "image": "dents/46V.PNG"
    },
    {
        "id": 4,
        "nom": "45",
        "image": "dents/45V.PNG"
    },
    {
        "id": 5,
        "nom": "44",
        "image": "dents/44V.PNG"
    },
    {
        "id": 6,
        "nom": "43",
        "image": "dents/43V.PNG"
    },
    {
        "id": 7,
        "nom": "42",
        "image": "dents/42V.PNG"
    },
    {
        "id": 8,
        "nom": "41",
        "image": "dents/41V.PNG"
    },
    {
        "id": 9,
        "nom": "31",
        "image": "dents/31V.PNG"
    },
    {
        "id": 10,
        "nom": "32",
        "image": "dents/32V.PNG"
    },
    {
        "id": 11,
        "nom": "33",
        "image": "dents/33V.PNG"
    },
    {
        "id": 12,
        "nom": "34",
        "image": "dents/34V.PNG"
    },
    {
        "id": 13,
        "nom": "35",
        "image": "dents/35V.PNG"
    },
    {
        "id": 14,
        "nom": "36",
        "image": "dents/36V.PNG"
    },
    {
        "id": 15,
        "nom": "37",
        "image": "dents/37V.PNG"
    },
    {
        "id": 16,
        "nom": "38",
        "image": "dents/38V.PNG"
    }
]