[
    {
        "id": 1,
        "nom": "18",
        "image": "dents/18V.PNG"
    },
    {
        "id": 2,
        "nom": "17",
        "image": "dents/17V.PNG"
    },
    {
        "id": 3,
        "nom": "16",
        "image": "dents/16V.PNG"
    },
    {
        "id": 4,
        "nom": "15",
        "image": "dents/15V.PNG"
    },
    {
        "id": 5,
        "nom": "14",
        "image": "dents/14V.PNG"
    },
    {
        "id": 6,
        "nom": "13",
        "image": "dents/13V.PNG"
    },
    {
        "id": 7,
        "nom": "12",
        "image": "dents/12V.PNG"
    },
    {
        "id": 8,
        "nom": "11",
        "image": "dents/11V.PNG"
    },
    {
        "id": 9,
        "nom": "21",
        "image": "dents/21V.PNG"
    },
    {
        "id": 10,
        "nom": "22",
        "image": "dents/22V.PNG"
    },
    {
        "id": 11,
        "nom": "23",
        "image": "dents/23V.PNG"
    },
    {
        "id": 12,
        "nom": "24",
        "image": "dents/24V.PNG"
    },
    {
        "id": 13,
        "nom": "25",
        "image": "dents/25V.PNG"
    },
    {
        "id": 14,
        "nom": "26",
        "image": "dents/26V.PNG"
    },
    {
        "id": 15,
        "nom": "27",
        "image": "dents/27V.PNG"
    },
    {
        "id": 16,
        "nom": "28",
        "image": "dents/28V.PNG"
    }
]



